image,survey_code,quadrat,presabs,val
pic_s01_2017_ne_q01.png,s01_2017_ne,q01,0,"sainfoin, black knapweed, phacelia, gold of pleasure"
pic_s01_2017_ne_q01.png,s01_2017_ne,q01,1,"alsike clover, crimson clover, red clover, bird's-foot trefoil, musk mallow"
pic_s01_2017_ne_q02.png,s01_2017_ne,q02,0,"sainfoin, black knapweed, gold of pleasure"
pic_s01_2017_ne_q02.png,s01_2017_ne,q02,1,"alsike clover, crimson clover, red clover, bird's-foot trefoil, musk mallow, phacelia"
pic_s01_2017_ne_q03.png,s01_2017_ne,q03,0,"sainfoin, black knapweed, musk mallow, gold of pleasure"
pic_s01_2017_ne_q03.png,s01_2017_ne,q03,1,"alsike clover, crimson clover, red clover, bird's-foot trefoil, phacelia"
pic_s01_2017_ne_q04.png,s01_2017_ne,q04,0,"black knapweed, musk mallow, phacelia, gold of pleasure"
pic_s01_2017_ne_q04.png,s01_2017_ne,q04,1,"alsike clover, crimson clover, red clover, sainfoin, bird's-foot trefoil"
pic_s01_2017_ne_q05.png,s01_2017_ne,q05,0,"sainfoin, gold of pleasure"
pic_s01_2017_ne_q05.png,s01_2017_ne,q05,1,"alsike clover, crimson clover, red clover, bird's-foot trefoil, black knapweed, musk mallow, phacelia"
pic_s01_2017_ne_q06.png,s01_2017_ne,q06,0,"crimson clover, red clover, sainfoin, bird's-foot trefoil, black knapweed, gold of pleasure"
pic_s01_2017_ne_q06.png,s01_2017_ne,q06,1,"alsike clover, musk mallow, phacelia"
pic_s01_2017_ne_q07.png,s01_2017_ne,q07,0,"sainfoin, gold of pleasure"
pic_s01_2017_ne_q07.png,s01_2017_ne,q07,1,"alsike clover, crimson clover, red clover, bird's-foot trefoil, black knapweed, musk mallow, phacelia"
pic_s01_2017_ne_q08.png,s01_2017_ne,q08,0,"black knapweed, gold of pleasure"
pic_s01_2017_ne_q08.png,s01_2017_ne,q08,1,"alsike clover, crimson clover, red clover, sainfoin, bird's-foot trefoil, musk mallow, phacelia"
pic_s01_2017_ne_q09.png,s01_2017_ne,q09,0,gold of pleasure
pic_s01_2017_ne_q09.png,s01_2017_ne,q09,1,"alsike clover, crimson clover, red clover, sainfoin, bird's-foot trefoil, black knapweed, musk mallow, phacelia"
pic_s01_2017_ne_q10.png,s01_2017_ne,q10,0,"crimson clover, sainfoin, black knapweed, gold of pleasure"
pic_s01_2017_ne_q10.png,s01_2017_ne,q10,1,"alsike clover, red clover, bird's-foot trefoil, musk mallow, phacelia"
pic_s02_2017_ne_q01.png,s02_2017_ne,q01,0,"crimson clover, sweet clover, common vetch, black knapweed, fenugreek, red campion, phacelia"
pic_s02_2017_ne_q01.png,s02_2017_ne,q01,1,"alsike clover, red clover, white clover, sainfoin, lucerne, bird's-foot trefoil, black medick"
pic_s02_2017_ne_q02.png,s02_2017_ne,q02,0,"crimson clover, bird's-foot trefoil, common vetch, black knapweed, fenugreek, red campion, phacelia"
pic_s02_2017_ne_q02.png,s02_2017_ne,q02,1,"alsike clover, red clover, sweet clover, white clover, sainfoin, lucerne, black medick"
pic_s02_2017_ne_q03.png,s02_2017_ne,q03,0,"crimson clover, sweet clover, white clover, sainfoin, common vetch, black knapweed, fenugreek, red campion, phacelia"
pic_s02_2017_ne_q03.png,s02_2017_ne,q03,1,"alsike clover, red clover, lucerne, bird's-foot trefoil, black medick"
pic_s02_2017_ne_q04.png,s02_2017_ne,q04,0,"crimson clover, white clover, bird's-foot trefoil, common vetch, black knapweed, fenugreek, red campion, phacelia"
pic_s02_2017_ne_q04.png,s02_2017_ne,q04,1,"alsike clover, red clover, sweet clover, sainfoin, lucerne, black medick"
pic_s02_2017_ne_q05.png,s02_2017_ne,q05,0,"crimson clover, white clover, sainfoin, common vetch, black knapweed, fenugreek, red campion, phacelia"
pic_s02_2017_ne_q05.png,s02_2017_ne,q05,1,"alsike clover, red clover, sweet clover, lucerne, bird's-foot trefoil, black medick"
pic_s02_2017_ne_q06.png,s02_2017_ne,q06,0,"crimson clover, sweet clover, bird's-foot trefoil, black medick, common vetch, black knapweed, fenugreek, red campion, phacelia"
pic_s02_2017_ne_q06.png,s02_2017_ne,q06,1,"alsike clover, red clover, white clover, sainfoin, lucerne"
pic_s02_2017_ne_q07.png,s02_2017_ne,q07,0,"crimson clover, sweet clover, white clover, lucerne, bird's-foot trefoil, black medick, common vetch, black knapweed, fenugreek, red campion"
pic_s02_2017_ne_q07.png,s02_2017_ne,q07,1,"alsike clover, red clover, sainfoin, phacelia"
pic_s02_2017_ne_q08.png,s02_2017_ne,q08,0,"crimson clover, sweet clover, white clover, sainfoin, common vetch, black knapweed, fenugreek, red campion, phacelia"
pic_s02_2017_ne_q08.png,s02_2017_ne,q08,1,"alsike clover, red clover, lucerne, bird's-foot trefoil, black medick"
pic_s02_2017_ne_q09.png,s02_2017_ne,q09,0,"crimson clover, sweet clover, white clover, sainfoin, lucerne, black knapweed, fenugreek, red campion, phacelia"
pic_s02_2017_ne_q09.png,s02_2017_ne,q09,1,"alsike clover, red clover, bird's-foot trefoil, black medick, common vetch"
pic_s02_2017_ne_q10.png,s02_2017_ne,q10,0,"crimson clover, sweet clover, sainfoin, lucerne, bird's-foot trefoil, common vetch, black knapweed, fenugreek, red campion, phacelia"
pic_s02_2017_ne_q10.png,s02_2017_ne,q10,1,"alsike clover, red clover, white clover, black medick"
pic_s03_2017_ne_q01.png,s03_2017_ne,q01,0,"sweet clover, bird's-foot trefoil, common vetch, red campion, fenugreek"
pic_s03_2017_ne_q01.png,s03_2017_ne,q01,1,"alsike clover, crimson clover, red clover, white clover, sainfoin, lucerne, black medick, white campion, phacelia"
pic_s03_2017_ne_q02.png,s03_2017_ne,q02,0,"crimson clover, sweet clover, white clover, sainfoin, common vetch, red campion, white campion, fenugreek"
pic_s03_2017_ne_q02.png,s03_2017_ne,q02,1,"alsike clover, red clover, lucerne, bird's-foot trefoil, black medick, phacelia"
pic_s03_2017_ne_q03.png,s03_2017_ne,q03,0,"crimson clover, sweet clover, white clover, bird's-foot trefoil, common vetch, red campion, phacelia, fenugreek"
pic_s03_2017_ne_q03.png,s03_2017_ne,q03,1,"alsike clover, red clover, sainfoin, lucerne, black medick, white campion"
pic_s03_2017_ne_q04.png,s03_2017_ne,q04,0,"crimson clover, sweet clover, white clover, sainfoin, bird's-foot trefoil, black medick, common vetch, white campion, phacelia, fenugreek"
pic_s03_2017_ne_q04.png,s03_2017_ne,q04,1,"alsike clover, red clover, lucerne, red campion"
pic_s03_2017_ne_q05.png,s03_2017_ne,q05,0,"crimson clover, white clover, bird's-foot trefoil, black medick, common vetch, red campion, white campion, fenugreek"
pic_s03_2017_ne_q05.png,s03_2017_ne,q05,1,"alsike clover, red clover, sweet clover, sainfoin, lucerne, phacelia"
pic_s03_2017_ne_q06.png,s03_2017_ne,q06,0,"crimson clover, sweet clover, white clover, bird's-foot trefoil, common vetch, red campion, white campion, phacelia, fenugreek"
pic_s03_2017_ne_q06.png,s03_2017_ne,q06,1,"alsike clover, red clover, sainfoin, lucerne, black medick"
pic_s03_2017_ne_q07.png,s03_2017_ne,q07,0,"crimson clover, sweet clover, white clover, sainfoin, bird's-foot trefoil, black medick, common vetch, red campion, phacelia, fenugreek"
pic_s03_2017_ne_q07.png,s03_2017_ne,q07,1,"alsike clover, red clover, lucerne, white campion"
pic_s03_2017_ne_q08.png,s03_2017_ne,q08,0,"crimson clover, sweet clover, white clover, sainfoin, bird's-foot trefoil, red campion, white campion, phacelia, fenugreek"
pic_s03_2017_ne_q08.png,s03_2017_ne,q08,1,"alsike clover, red clover, lucerne, black medick, common vetch"
pic_s03_2017_ne_q09.png,s03_2017_ne,q09,0,"crimson clover, red clover, white clover, red campion, white campion, fenugreek"
pic_s03_2017_ne_q09.png,s03_2017_ne,q09,1,"alsike clover, sweet clover, sainfoin, lucerne, bird's-foot trefoil, black medick, common vetch, phacelia"
pic_s03_2017_ne_q10.png,s03_2017_ne,q10,0,"crimson clover, white clover, red campion, white campion, fenugreek"
pic_s03_2017_ne_q10.png,s03_2017_ne,q10,1,"alsike clover, red clover, sweet clover, sainfoin, lucerne, bird's-foot trefoil, black medick, common vetch, phacelia"
pic_s04_2017_ne_q01.png,s04_2017_ne,q01,0,"crimson clover, white clover, lucerne, bird's-foot trefoil, common vetch, black knapweed, yarrow, oxeye daisy, musk mallow, wild carrot, field scabious, fenugreek, red campion, phacelia, borage"
pic_s04_2017_ne_q01.png,s04_2017_ne,q01,1,"alsike clover, red clover, sainfoin, black medick, sweet clover, white campion"
pic_s04_2017_ne_q02.png,s04_2017_ne,q02,0,"crimson clover, white clover, bird's-foot trefoil, black knapweed, yarrow, oxeye daisy, musk mallow, wild carrot, field scabious, fenugreek, red campion, phacelia, borage"
pic_s04_2017_ne_q02.png,s04_2017_ne,q02,1,"alsike clover, red clover, sainfoin, lucerne, black medick, common vetch, sweet clover, white campion"
pic_s04_2017_ne_q03.png,s04_2017_ne,q03,0,"crimson clover, white clover, bird's-foot trefoil, common vetch, black knapweed, yarrow, oxeye daisy, musk mallow, wild carrot, field scabious, fenugreek, phacelia, borage"
pic_s04_2017_ne_q03.png,s04_2017_ne,q03,1,"alsike clover, red clover, sainfoin, lucerne, black medick, sweet clover, red campion, white campion"
pic_s04_2017_ne_q04.png,s04_2017_ne,q04,0,"crimson clover, white clover, bird's-foot trefoil, common vetch, black knapweed, yarrow, oxeye daisy, musk mallow, wild carrot, field scabious, sweet clover, fenugreek, red campion, phacelia, borage"
pic_s04_2017_ne_q04.png,s04_2017_ne,q04,1,"alsike clover, red clover, sainfoin, lucerne, black medick, white campion"
pic_s04_2017_ne_q05.png,s04_2017_ne,q05,0,"crimson clover, white clover, bird's-foot trefoil, common vetch, black knapweed, yarrow, oxeye daisy, musk mallow, wild carrot, field scabious, sweet clover, fenugreek, red campion, phacelia, borage, white campion"
pic_s04_2017_ne_q05.png,s04_2017_ne,q05,1,"alsike clover, red clover, sainfoin, lucerne, black medick"
pic_s04_2017_ne_q06.png,s04_2017_ne,q06,0,"alsike clover, crimson clover, white clover, bird's-foot trefoil, black knapweed, yarrow, oxeye daisy, musk mallow, wild carrot, field scabious, sweet clover, fenugreek, red campion, phacelia, borage, white campion"
pic_s04_2017_ne_q06.png,s04_2017_ne,q06,1,"red clover, sainfoin, lucerne, black medick, common vetch"
pic_s04_2017_ne_q07.png,s04_2017_ne,q07,0,"crimson clover, white clover, common vetch, black knapweed, yarrow, oxeye daisy, musk mallow, wild carrot, field scabious, sweet clover, fenugreek, red campion, phacelia, borage"
pic_s04_2017_ne_q07.png,s04_2017_ne,q07,1,"alsike clover, red clover, sainfoin, lucerne, bird's-foot trefoil, black medick, white campion"
pic_s04_2017_ne_q08.png,s04_2017_ne,q08,0,"crimson clover, white clover, bird's-foot trefoil, common vetch, black knapweed, yarrow, oxeye daisy, musk mallow, wild carrot, field scabious, fenugreek, phacelia, borage"
pic_s04_2017_ne_q08.png,s04_2017_ne,q08,1,"alsike clover, red clover, sainfoin, lucerne, black medick, sweet clover, red campion, white campion"
pic_s04_2017_ne_q09.png,s04_2017_ne,q09,0,"crimson clover, white clover, bird's-foot trefoil, common vetch, black knapweed, yarrow, oxeye daisy, musk mallow, wild carrot, field scabious, sweet clover, fenugreek, red campion, phacelia, borage"
pic_s04_2017_ne_q09.png,s04_2017_ne,q09,1,"alsike clover, red clover, sainfoin, lucerne, black medick, white campion"
pic_s04_2017_ne_q10.png,s04_2017_ne,q10,0,"crimson clover, white clover, yarrow, oxeye daisy, musk mallow, wild carrot, field scabious, fenugreek, red campion, phacelia, borage"
pic_s04_2017_ne_q10.png,s04_2017_ne,q10,1,"alsike clover, red clover, sainfoin, lucerne, bird's-foot trefoil, black medick, common vetch, black knapweed, sweet clover, white campion"
pic_s05_2017_ne_q01.png,s05_2017_ne,q01,0,"sweet clover, white clover, sainfoin, lucerne, black medick, common vetch, black knapweed, yarrow, oxeye daisy, musk mallow, wild carrot, red campion, white campion, phacelia"
pic_s05_2017_ne_q01.png,s05_2017_ne,q01,1,"alsike clover, crimson clover, red clover, bird's-foot trefoil"
pic_s05_2017_ne_q02.png,s05_2017_ne,q02,0,"sweet clover, white clover, sainfoin, black medick, common vetch, black knapweed, yarrow, oxeye daisy, musk mallow, wild carrot, red campion, white campion, phacelia"
pic_s05_2017_ne_q02.png,s05_2017_ne,q02,1,"alsike clover, crimson clover, red clover, lucerne, bird's-foot trefoil"
pic_s05_2017_ne_q03.png,s05_2017_ne,q03,0,"sweet clover, white clover, sainfoin, black medick, common vetch, black knapweed, yarrow, oxeye daisy, musk mallow, wild carrot, red campion, white campion, phacelia"
pic_s05_2017_ne_q03.png,s05_2017_ne,q03,1,"alsike clover, crimson clover, red clover, lucerne, bird's-foot trefoil"
pic_s05_2017_ne_q04.png,s05_2017_ne,q04,0,"sweet clover, white clover, lucerne, black medick, common vetch, black knapweed, yarrow, oxeye daisy, musk mallow, wild carrot, red campion, white campion, phacelia"
pic_s05_2017_ne_q04.png,s05_2017_ne,q04,1,"alsike clover, crimson clover, red clover, sainfoin, bird's-foot trefoil"
pic_s05_2017_ne_q05.png,s05_2017_ne,q05,0,"sweet clover, white clover, sainfoin, lucerne, black medick, black knapweed, yarrow, oxeye daisy, musk mallow, wild carrot, red campion, white campion, phacelia"
pic_s05_2017_ne_q05.png,s05_2017_ne,q05,1,"alsike clover, crimson clover, red clover, bird's-foot trefoil, common vetch"
pic_s05_2017_ne_q06.png,s05_2017_ne,q06,0,"sweet clover, white clover, lucerne, black medick, common vetch, black knapweed, yarrow, oxeye daisy, musk mallow, wild carrot, red campion, white campion, phacelia"
pic_s05_2017_ne_q06.png,s05_2017_ne,q06,1,"alsike clover, crimson clover, red clover, sainfoin, bird's-foot trefoil"
pic_s05_2017_ne_q07.png,s05_2017_ne,q07,0,"sweet clover, white clover, lucerne, black medick, common vetch, black knapweed, yarrow, oxeye daisy, musk mallow, wild carrot, white campion, phacelia"
pic_s05_2017_ne_q07.png,s05_2017_ne,q07,1,"alsike clover, crimson clover, red clover, sainfoin, bird's-foot trefoil, red campion"
pic_s05_2017_ne_q08.png,s05_2017_ne,q08,0,"sweet clover, white clover, sainfoin, lucerne, black medick, common vetch, black knapweed, yarrow, oxeye daisy, musk mallow, wild carrot, red campion, white campion, phacelia"
pic_s05_2017_ne_q08.png,s05_2017_ne,q08,1,"alsike clover, crimson clover, red clover, bird's-foot trefoil"
pic_s05_2017_ne_q09.png,s05_2017_ne,q09,0,"sweet clover, white clover, sainfoin, lucerne, black medick, common vetch, black knapweed, yarrow, oxeye daisy, wild carrot, red campion, white campion, phacelia"
pic_s05_2017_ne_q09.png,s05_2017_ne,q09,1,"alsike clover, crimson clover, red clover, bird's-foot trefoil, musk mallow"
pic_s05_2017_ne_q10.png,s05_2017_ne,q10,0,"sweet clover, white clover, lucerne, black medick, common vetch, black knapweed, yarrow, oxeye daisy, musk mallow, wild carrot, red campion, white campion, phacelia"
pic_s05_2017_ne_q10.png,s05_2017_ne,q10,1,"alsike clover, crimson clover, red clover, sainfoin, bird's-foot trefoil"
pic_s06_2017_ne_q01.png,s06_2017_ne,q01,0,"alsike clover, crimson clover, white clover, bird's-foot trefoil, common vetch, black knapweed, yarrow, oxeye daisy, musk mallow, wild carrot, red campion, white campion, phacelia"
pic_s06_2017_ne_q01.png,s06_2017_ne,q01,1,"red clover, sweet clover, sainfoin, lucerne, black medick"
pic_s06_2017_ne_q02.png,s06_2017_ne,q02,0,"alsike clover, crimson clover, white clover, bird's-foot trefoil, common vetch, black knapweed, yarrow, musk mallow, wild carrot, red campion, phacelia"
pic_s06_2017_ne_q02.png,s06_2017_ne,q02,1,"red clover, sweet clover, sainfoin, lucerne, black medick, oxeye daisy, white campion"
pic_s06_2017_ne_q03.png,s06_2017_ne,q03,0,"crimson clover, white clover, common vetch, black knapweed, yarrow, musk mallow, wild carrot, red campion, white campion, phacelia"
pic_s06_2017_ne_q03.png,s06_2017_ne,q03,1,"alsike clover, red clover, sweet clover, sainfoin, lucerne, bird's-foot trefoil, black medick, oxeye daisy"
pic_s06_2017_ne_q04.png,s06_2017_ne,q04,0,"crimson clover, white clover, common vetch, black knapweed, yarrow, musk mallow, wild carrot, red campion, white campion, phacelia"
pic_s06_2017_ne_q04.png,s06_2017_ne,q04,1,"alsike clover, red clover, sweet clover, sainfoin, lucerne, bird's-foot trefoil, black medick, oxeye daisy"
pic_s06_2017_ne_q05.png,s06_2017_ne,q05,0,"crimson clover, white clover, bird's-foot trefoil, common vetch, black knapweed, yarrow, oxeye daisy, musk mallow, wild carrot, red campion, white campion"
pic_s06_2017_ne_q05.png,s06_2017_ne,q05,1,"alsike clover, red clover, sweet clover, sainfoin, lucerne, black medick, phacelia"
pic_s06_2017_ne_q06.png,s06_2017_ne,q06,0,"crimson clover, white clover, bird's-foot trefoil, common vetch, black knapweed, yarrow, oxeye daisy, musk mallow, wild carrot, red campion, white campion"
pic_s06_2017_ne_q06.png,s06_2017_ne,q06,1,"alsike clover, red clover, sweet clover, sainfoin, lucerne, black medick, phacelia"
pic_s06_2017_ne_q07.png,s06_2017_ne,q07,0,"crimson clover, white clover, bird's-foot trefoil, common vetch, black knapweed, yarrow, oxeye daisy, musk mallow, wild carrot, red campion, white campion"
pic_s06_2017_ne_q07.png,s06_2017_ne,q07,1,"alsike clover, red clover, sweet clover, sainfoin, lucerne, black medick, phacelia"
pic_s06_2017_ne_q08.png,s06_2017_ne,q08,0,"crimson clover, white clover, bird's-foot trefoil, common vetch, black knapweed, yarrow, oxeye daisy, musk mallow, wild carrot, red campion, phacelia"
pic_s06_2017_ne_q08.png,s06_2017_ne,q08,1,"alsike clover, red clover, sweet clover, sainfoin, lucerne, black medick, white campion"
pic_s06_2017_ne_q09.png,s06_2017_ne,q09,0,"crimson clover, sweet clover, white clover, common vetch, black knapweed, yarrow, oxeye daisy, musk mallow, wild carrot, red campion, white campion, phacelia"
pic_s06_2017_ne_q09.png,s06_2017_ne,q09,1,"alsike clover, red clover, sainfoin, lucerne, bird's-foot trefoil, black medick"
pic_s06_2017_ne_q10.png,s06_2017_ne,q10,0,"crimson clover, white clover, common vetch, black knapweed, yarrow, oxeye daisy, musk mallow, wild carrot, phacelia"
pic_s06_2017_ne_q10.png,s06_2017_ne,q10,1,"alsike clover, red clover, sweet clover, sainfoin, lucerne, bird's-foot trefoil, black medick, red campion, white campion"
pic_s07_2017_ne_q01.png,s07_2017_ne,q01,0,"alsike clover, crimson clover, sweet clover, white clover, sainfoin, bird's-foot trefoil, black medick, common vetch, black knapweed, yarrow, oxeye daisy, wild carrot, red campion, white campion, phacelia"
pic_s07_2017_ne_q01.png,s07_2017_ne,q01,1,"red clover, lucerne, musk mallow"
pic_s07_2017_ne_q02.png,s07_2017_ne,q02,0,"alsike clover, crimson clover, red clover, sweet clover, white clover, sainfoin, bird's-foot trefoil, black medick, common vetch, black knapweed, yarrow, oxeye daisy, musk mallow, wild carrot, red campion, white campion, phacelia"
pic_s07_2017_ne_q02.png,s07_2017_ne,q02,1,lucerne
pic_s07_2017_ne_q03.png,s07_2017_ne,q03,0,"alsike clover, crimson clover, sweet clover, white clover, sainfoin, lucerne, bird's-foot trefoil, black medick, common vetch, black knapweed, yarrow, oxeye daisy, musk mallow, wild carrot, red campion, white campion, phacelia"
pic_s07_2017_ne_q03.png,s07_2017_ne,q03,1,red clover
pic_s07_2017_ne_q04.png,s07_2017_ne,q04,0,"crimson clover, sweet clover, white clover, lucerne, black medick, common vetch, black knapweed, yarrow, oxeye daisy, musk mallow, wild carrot, red campion, white campion, phacelia"
pic_s07_2017_ne_q04.png,s07_2017_ne,q04,1,"alsike clover, red clover, sainfoin, bird's-foot trefoil"
pic_s07_2017_ne_q05.png,s07_2017_ne,q05,0,"crimson clover, sweet clover, white clover, sainfoin, black medick, common vetch, black knapweed, yarrow, oxeye daisy, musk mallow, wild carrot, red campion, white campion, phacelia"
pic_s07_2017_ne_q05.png,s07_2017_ne,q05,1,"alsike clover, red clover, lucerne, bird's-foot trefoil"
pic_s07_2017_ne_q06.png,s07_2017_ne,q06,0,"crimson clover, sweet clover, white clover, sainfoin, bird's-foot trefoil, black medick, common vetch, black knapweed, yarrow, oxeye daisy, musk mallow, wild carrot, red campion, white campion, phacelia"
pic_s07_2017_ne_q06.png,s07_2017_ne,q06,1,"alsike clover, red clover, lucerne"
pic_s07_2017_ne_q07.png,s07_2017_ne,q07,0,"crimson clover, sweet clover, white clover, sainfoin, black medick, common vetch, black knapweed, yarrow, oxeye daisy, musk mallow, wild carrot, red campion, white campion, phacelia"
pic_s07_2017_ne_q07.png,s07_2017_ne,q07,1,"alsike clover, red clover, lucerne, bird's-foot trefoil"
pic_s07_2017_ne_q08.png,s07_2017_ne,q08,0,"crimson clover, red clover, sweet clover, white clover, sainfoin, lucerne, bird's-foot trefoil, black medick, common vetch, black knapweed, yarrow, oxeye daisy, musk mallow, wild carrot, red campion, white campion, phacelia"
pic_s07_2017_ne_q08.png,s07_2017_ne,q08,1,alsike clover
pic_s07_2017_ne_q09.png,s07_2017_ne,q09,0,"crimson clover, sweet clover, white clover, sainfoin, lucerne, bird's-foot trefoil, black medick, common vetch, black knapweed, yarrow, oxeye daisy, musk mallow, wild carrot, red campion, white campion, phacelia"
pic_s07_2017_ne_q09.png,s07_2017_ne,q09,1,"alsike clover, red clover"
pic_s07_2017_ne_q10.png,s07_2017_ne,q10,0,"alsike clover, crimson clover, sweet clover, white clover, sainfoin, lucerne, black medick, common vetch, black knapweed, yarrow, oxeye daisy, musk mallow, wild carrot, red campion, white campion, phacelia"
pic_s07_2017_ne_q10.png,s07_2017_ne,q10,1,"red clover, bird's-foot trefoil"
pic_s08_2017_ne_q01.png,s08_2017_ne,q01,0,"red clover, sweet clover, sainfoin, yarrow, musk mallow, red campion, white campion, phacelia"
pic_s08_2017_ne_q01.png,s08_2017_ne,q01,1,"alsike clover, crimson clover, white clover, lucerne, bird's-foot trefoil, black medick, common vetch, black knapweed, oxeye daisy, wild carrot"
pic_s08_2017_ne_q02.png,s08_2017_ne,q02,0,"red clover, sweet clover, sainfoin, bird's-foot trefoil, black knapweed, yarrow, musk mallow, wild carrot, red campion, white campion, phacelia"
pic_s08_2017_ne_q02.png,s08_2017_ne,q02,1,"alsike clover, crimson clover, white clover, lucerne, black medick, common vetch, oxeye daisy"
pic_s08_2017_ne_q03.png,s08_2017_ne,q03,0,"red clover, sweet clover, sainfoin, bird's-foot trefoil, black knapweed, yarrow, musk mallow, red campion, white campion, phacelia"
pic_s08_2017_ne_q03.png,s08_2017_ne,q03,1,"alsike clover, crimson clover, white clover, lucerne, black medick, common vetch, oxeye daisy, wild carrot"
pic_s08_2017_ne_q04.png,s08_2017_ne,q04,0,"red clover, sweet clover, sainfoin, black knapweed, yarrow, musk mallow, red campion, white campion, phacelia"
pic_s08_2017_ne_q04.png,s08_2017_ne,q04,1,"alsike clover, crimson clover, white clover, lucerne, bird's-foot trefoil, black medick, common vetch, oxeye daisy, wild carrot"
pic_s08_2017_ne_q05.png,s08_2017_ne,q05,0,"red clover, sweet clover, sainfoin, bird's-foot trefoil, black medick, yarrow, musk mallow, red campion, white campion, phacelia"
pic_s08_2017_ne_q05.png,s08_2017_ne,q05,1,"alsike clover, crimson clover, white clover, lucerne, common vetch, black knapweed, oxeye daisy, wild carrot"
pic_s08_2017_ne_q06.png,s08_2017_ne,q06,0,"red clover, sweet clover, sainfoin, yarrow, musk mallow, red campion, white campion, phacelia"
pic_s08_2017_ne_q06.png,s08_2017_ne,q06,1,"alsike clover, crimson clover, white clover, lucerne, bird's-foot trefoil, black medick, common vetch, black knapweed, oxeye daisy, wild carrot"
pic_s08_2017_ne_q07.png,s08_2017_ne,q07,0,"red clover, sweet clover, sainfoin, bird's-foot trefoil, common vetch, yarrow, musk mallow, red campion, white campion, phacelia"
pic_s08_2017_ne_q07.png,s08_2017_ne,q07,1,"alsike clover, crimson clover, white clover, lucerne, black medick, black knapweed, oxeye daisy, wild carrot"
pic_s08_2017_ne_q08.png,s08_2017_ne,q08,0,"red clover, sweet clover, sainfoin, common vetch, yarrow, oxeye daisy, musk mallow, red campion, white campion, phacelia"
pic_s08_2017_ne_q08.png,s08_2017_ne,q08,1,"alsike clover, crimson clover, white clover, lucerne, bird's-foot trefoil, black medick, black knapweed, wild carrot"
pic_s08_2017_ne_q09.png,s08_2017_ne,q09,0,"red clover, sweet clover, sainfoin, common vetch, black knapweed, yarrow, musk mallow, red campion, white campion, phacelia"
pic_s08_2017_ne_q09.png,s08_2017_ne,q09,1,"alsike clover, crimson clover, white clover, lucerne, bird's-foot trefoil, black medick, oxeye daisy, wild carrot"
pic_s08_2017_ne_q10.png,s08_2017_ne,q10,0,"red clover, sweet clover, sainfoin, bird's-foot trefoil, black knapweed, yarrow, musk mallow, red campion, white campion, phacelia"
pic_s08_2017_ne_q10.png,s08_2017_ne,q10,1,"alsike clover, crimson clover, white clover, lucerne, black medick, common vetch, oxeye daisy, wild carrot"
pic_s12_2017_ne_v_q01.png,s12_2017_ne_v,q01,0,"crimson clover, white clover, black medick, black knapweed, yarrow, oxeye daisy, musk mallow, wild carrot, white campion"
pic_s12_2017_ne_v_q01.png,s12_2017_ne_v,q01,1,"alsike clover, red clover, sweet clover, sainfoin, lucerne, bird's-foot trefoil, common vetch, red campion, phacelia"
pic_s12_2017_ne_v_q02.png,s12_2017_ne_v,q02,0,"crimson clover, bird's-foot trefoil, black knapweed, yarrow, oxeye daisy, musk mallow, wild carrot, white campion"
pic_s12_2017_ne_v_q02.png,s12_2017_ne_v,q02,1,"alsike clover, red clover, sweet clover, white clover, sainfoin, lucerne, black medick, common vetch, red campion, phacelia"
pic_s12_2017_ne_v_q03.png,s12_2017_ne_v,q03,0,"crimson clover, white clover, black knapweed, yarrow, oxeye daisy, musk mallow, wild carrot, white campion"
pic_s12_2017_ne_v_q03.png,s12_2017_ne_v,q03,1,"alsike clover, red clover, sweet clover, sainfoin, lucerne, bird's-foot trefoil, black medick, common vetch, red campion, phacelia"
pic_s12_2017_ne_v_q04.png,s12_2017_ne_v,q04,0,"crimson clover, sweet clover, white clover, black knapweed, yarrow, oxeye daisy, musk mallow, wild carrot, white campion"
pic_s12_2017_ne_v_q04.png,s12_2017_ne_v,q04,1,"alsike clover, red clover, sainfoin, lucerne, bird's-foot trefoil, black medick, common vetch, red campion, phacelia"
pic_s12_2017_ne_v_q05.png,s12_2017_ne_v,q05,0,"crimson clover, sweet clover, black medick, black knapweed, yarrow, oxeye daisy, musk mallow, wild carrot, white campion"
pic_s12_2017_ne_v_q05.png,s12_2017_ne_v,q05,1,"alsike clover, red clover, white clover, sainfoin, lucerne, bird's-foot trefoil, common vetch, red campion, phacelia"
pic_s12_2017_ne_v_q06.png,s12_2017_ne_v,q06,0,"crimson clover, sweet clover, white clover, black medick, black knapweed, yarrow, oxeye daisy, musk mallow, wild carrot, white campion"
pic_s12_2017_ne_v_q06.png,s12_2017_ne_v,q06,1,"alsike clover, red clover, sainfoin, lucerne, bird's-foot trefoil, common vetch, red campion, phacelia"
pic_s12_2017_ne_v_q07.png,s12_2017_ne_v,q07,0,"crimson clover, sweet clover, black medick, black knapweed, yarrow, oxeye daisy, musk mallow, wild carrot, red campion"
pic_s12_2017_ne_v_q07.png,s12_2017_ne_v,q07,1,"alsike clover, red clover, white clover, sainfoin, lucerne, bird's-foot trefoil, common vetch, white campion, phacelia"
pic_s12_2017_ne_v_q08.png,s12_2017_ne_v,q08,0,"crimson clover, sweet clover, white clover, black knapweed, yarrow, oxeye daisy, musk mallow, wild carrot, white campion"
pic_s12_2017_ne_v_q08.png,s12_2017_ne_v,q08,1,"alsike clover, red clover, sainfoin, lucerne, bird's-foot trefoil, black medick, common vetch, red campion, phacelia"
pic_s12_2017_ne_v_q09.png,s12_2017_ne_v,q09,0,"crimson clover, sweet clover, white clover, common vetch, black knapweed, yarrow, oxeye daisy, musk mallow, wild carrot, white campion, phacelia"
pic_s12_2017_ne_v_q09.png,s12_2017_ne_v,q09,1,"alsike clover, red clover, sainfoin, lucerne, bird's-foot trefoil, black medick, red campion"
pic_s12_2017_ne_v_q10.png,s12_2017_ne_v,q10,0,"crimson clover, sweet clover, white clover, common vetch, black knapweed, yarrow, oxeye daisy, musk mallow, wild carrot, red campion, white campion"
pic_s12_2017_ne_v_q10.png,s12_2017_ne_v,q10,1,"alsike clover, red clover, sainfoin, lucerne, bird's-foot trefoil, black medick, phacelia"
pic_s13_2017_ne_v_q01.png,s13_2017_ne_v,q01,0,"crimson clover, sweet clover, white clover, common vetch, black knapweed, yarrow, oxeye daisy, musk mallow, wild carrot, red campion, phacelia"
pic_s13_2017_ne_v_q01.png,s13_2017_ne_v,q01,1,"alsike clover, red clover, sainfoin, lucerne, bird's-foot trefoil, black medick, white campion"
pic_s13_2017_ne_v_q02.png,s13_2017_ne_v,q02,0,"crimson clover, sweet clover, white clover, black medick, common vetch, black knapweed, yarrow, oxeye daisy, musk mallow, wild carrot, red campion, phacelia"
pic_s13_2017_ne_v_q02.png,s13_2017_ne_v,q02,1,"alsike clover, red clover, sainfoin, lucerne, bird's-foot trefoil, white campion"
pic_s13_2017_ne_v_q03.png,s13_2017_ne_v,q03,0,"crimson clover, white clover, common vetch, black knapweed, yarrow, oxeye daisy, musk mallow, wild carrot, red campion, phacelia"
pic_s13_2017_ne_v_q03.png,s13_2017_ne_v,q03,1,"alsike clover, red clover, sweet clover, sainfoin, lucerne, bird's-foot trefoil, black medick, white campion"
pic_s13_2017_ne_v_q04.png,s13_2017_ne_v,q04,0,"crimson clover, white clover, common vetch, black knapweed, yarrow, oxeye daisy, musk mallow, wild carrot, white campion, phacelia"
pic_s13_2017_ne_v_q04.png,s13_2017_ne_v,q04,1,"alsike clover, red clover, sweet clover, sainfoin, lucerne, bird's-foot trefoil, black medick, red campion"
pic_s13_2017_ne_v_q05.png,s13_2017_ne_v,q05,0,"crimson clover, white clover, common vetch, black knapweed, yarrow, oxeye daisy, musk mallow, wild carrot, white campion, phacelia"
pic_s13_2017_ne_v_q05.png,s13_2017_ne_v,q05,1,"alsike clover, red clover, sweet clover, sainfoin, lucerne, bird's-foot trefoil, black medick, red campion"
pic_s13_2017_ne_v_q06.png,s13_2017_ne_v,q06,0,"crimson clover, sweet clover, white clover, common vetch, black knapweed, yarrow, oxeye daisy, musk mallow, wild carrot, phacelia"
pic_s13_2017_ne_v_q06.png,s13_2017_ne_v,q06,1,"alsike clover, red clover, sainfoin, lucerne, bird's-foot trefoil, black medick, red campion, white campion"
pic_s13_2017_ne_v_q07.png,s13_2017_ne_v,q07,0,"crimson clover, sweet clover, white clover, common vetch, black knapweed, yarrow, oxeye daisy, musk mallow, wild carrot, phacelia"
pic_s13_2017_ne_v_q07.png,s13_2017_ne_v,q07,1,"alsike clover, red clover, sainfoin, lucerne, bird's-foot trefoil, black medick, red campion, white campion"
pic_s13_2017_ne_v_q08.png,s13_2017_ne_v,q08,0,"crimson clover, white clover, common vetch, black knapweed, yarrow, oxeye daisy, musk mallow, wild carrot, phacelia"
pic_s13_2017_ne_v_q08.png,s13_2017_ne_v,q08,1,"alsike clover, red clover, sweet clover, sainfoin, lucerne, bird's-foot trefoil, black medick, red campion, white campion"
pic_s13_2017_ne_v_q09.png,s13_2017_ne_v,q09,0,"crimson clover, sweet clover, white clover, common vetch, black knapweed, yarrow, oxeye daisy, musk mallow, wild carrot, red campion, phacelia"
pic_s13_2017_ne_v_q09.png,s13_2017_ne_v,q09,1,"alsike clover, red clover, sainfoin, lucerne, bird's-foot trefoil, black medick, white campion"
pic_s13_2017_ne_v_q10.png,s13_2017_ne_v,q10,0,"crimson clover, white clover, common vetch, black knapweed, yarrow, oxeye daisy, musk mallow, wild carrot, phacelia"
pic_s13_2017_ne_v_q10.png,s13_2017_ne_v,q10,1,"alsike clover, red clover, sweet clover, sainfoin, lucerne, bird's-foot trefoil, black medick, red campion, white campion"
pic_s14_2017_ne_v_q01.png,s14_2017_ne_v,q01,0,"crimson clover, sweet clover, white clover, black medick, black knapweed, yarrow, oxeye daisy, musk mallow, wild carrot, white campion, phacelia"
pic_s14_2017_ne_v_q01.png,s14_2017_ne_v,q01,1,"alsike clover, red clover, sainfoin, lucerne, bird's-foot trefoil, common vetch, red campion"
pic_s14_2017_ne_v_q02.png,s14_2017_ne_v,q02,0,"crimson clover, sweet clover, white clover, common vetch, black knapweed, yarrow, oxeye daisy, musk mallow, wild carrot, red campion, white campion, phacelia"
pic_s14_2017_ne_v_q02.png,s14_2017_ne_v,q02,1,"alsike clover, red clover, sainfoin, lucerne, bird's-foot trefoil, black medick"
pic_s14_2017_ne_v_q03.png,s14_2017_ne_v,q03,0,"crimson clover, sweet clover, white clover, black knapweed, yarrow, oxeye daisy, musk mallow, wild carrot, phacelia"
pic_s14_2017_ne_v_q03.png,s14_2017_ne_v,q03,1,"alsike clover, red clover, sainfoin, lucerne, bird's-foot trefoil, black medick, common vetch, red campion, white campion"
pic_s14_2017_ne_v_q04.png,s14_2017_ne_v,q04,0,"crimson clover, sweet clover, white clover, common vetch, black knapweed, yarrow, oxeye daisy, musk mallow, wild carrot, white campion, phacelia"
pic_s14_2017_ne_v_q04.png,s14_2017_ne_v,q04,1,"alsike clover, red clover, sainfoin, lucerne, bird's-foot trefoil, black medick, red campion"
pic_s14_2017_ne_v_q05.png,s14_2017_ne_v,q05,0,"crimson clover, sweet clover, white clover, black medick, black knapweed, yarrow, oxeye daisy, musk mallow, wild carrot, white campion, phacelia"
pic_s14_2017_ne_v_q05.png,s14_2017_ne_v,q05,1,"alsike clover, red clover, sainfoin, lucerne, bird's-foot trefoil, common vetch, red campion"
pic_s14_2017_ne_v_q06.png,s14_2017_ne_v,q06,0,"alsike clover, crimson clover, sweet clover, white clover, black medick, common vetch, black knapweed, yarrow, oxeye daisy, musk mallow, wild carrot, white campion, phacelia"
pic_s14_2017_ne_v_q06.png,s14_2017_ne_v,q06,1,"red clover, sainfoin, lucerne, bird's-foot trefoil, red campion"
pic_s14_2017_ne_v_q07.png,s14_2017_ne_v,q07,0,"crimson clover, sweet clover, white clover, black knapweed, yarrow, oxeye daisy, musk mallow, wild carrot, white campion, phacelia"
pic_s14_2017_ne_v_q07.png,s14_2017_ne_v,q07,1,"alsike clover, red clover, sainfoin, lucerne, bird's-foot trefoil, black medick, common vetch, red campion"
pic_s14_2017_ne_v_q08.png,s14_2017_ne_v,q08,0,"crimson clover, sweet clover, white clover, black knapweed, yarrow, oxeye daisy, musk mallow, wild carrot, white campion, phacelia"
pic_s14_2017_ne_v_q08.png,s14_2017_ne_v,q08,1,"alsike clover, red clover, sainfoin, lucerne, bird's-foot trefoil, black medick, common vetch, red campion"
pic_s14_2017_ne_v_q09.png,s14_2017_ne_v,q09,0,"crimson clover, sweet clover, white clover, black knapweed, yarrow, oxeye daisy, musk mallow, wild carrot, white campion, phacelia"
pic_s14_2017_ne_v_q09.png,s14_2017_ne_v,q09,1,"alsike clover, red clover, sainfoin, lucerne, bird's-foot trefoil, black medick, common vetch, red campion"
pic_s14_2017_ne_v_q10.png,s14_2017_ne_v,q10,0,"crimson clover, sweet clover, white clover, black medick, common vetch, black knapweed, yarrow, oxeye daisy, musk mallow, wild carrot, red campion, phacelia"
pic_s14_2017_ne_v_q10.png,s14_2017_ne_v,q10,1,"alsike clover, red clover, sainfoin, lucerne, bird's-foot trefoil, white campion"
pic_s15_2017_ne_v_q01.png,s15_2017_ne_v,q01,0,"crimson clover, sweet clover, white clover, sainfoin, lucerne, black medick, common vetch, black knapweed, yarrow, oxeye daisy, musk mallow, wild carrot, red campion, white campion, phacelia"
pic_s15_2017_ne_v_q01.png,s15_2017_ne_v,q01,1,"alsike clover, red clover, bird's-foot trefoil"
pic_s15_2017_ne_v_q02.png,s15_2017_ne_v,q02,0,"crimson clover, sweet clover, white clover, sainfoin, black medick, common vetch, black knapweed, yarrow, oxeye daisy, musk mallow, wild carrot, red campion, white campion"
pic_s15_2017_ne_v_q02.png,s15_2017_ne_v,q02,1,"alsike clover, red clover, lucerne, bird's-foot trefoil, phacelia"
pic_s15_2017_ne_v_q03.png,s15_2017_ne_v,q03,0,"crimson clover, sweet clover, white clover, sainfoin, black medick, common vetch, black knapweed, yarrow, oxeye daisy, musk mallow, wild carrot, red campion, white campion"
pic_s15_2017_ne_v_q03.png,s15_2017_ne_v,q03,1,"alsike clover, red clover, lucerne, bird's-foot trefoil, phacelia"
pic_s15_2017_ne_v_q04.png,s15_2017_ne_v,q04,0,"crimson clover, sweet clover, white clover, sainfoin, black medick, common vetch, black knapweed, yarrow, oxeye daisy, musk mallow, wild carrot, red campion, white campion"
pic_s15_2017_ne_v_q04.png,s15_2017_ne_v,q04,1,"alsike clover, red clover, lucerne, bird's-foot trefoil, phacelia"
pic_s15_2017_ne_v_q05.png,s15_2017_ne_v,q05,0,"crimson clover, sweet clover, white clover, sainfoin, black medick, black knapweed, yarrow, oxeye daisy, musk mallow, wild carrot, red campion, white campion"
pic_s15_2017_ne_v_q05.png,s15_2017_ne_v,q05,1,"alsike clover, red clover, lucerne, bird's-foot trefoil, common vetch, phacelia"
pic_s15_2017_ne_v_q06.png,s15_2017_ne_v,q06,0,"crimson clover, sweet clover, white clover, sainfoin, lucerne, black medick, common vetch, black knapweed, yarrow, oxeye daisy, musk mallow, wild carrot, red campion, white campion, phacelia"
pic_s15_2017_ne_v_q06.png,s15_2017_ne_v,q06,1,"alsike clover, red clover, bird's-foot trefoil"
pic_s15_2017_ne_v_q07.png,s15_2017_ne_v,q07,0,"crimson clover, sweet clover, white clover, black medick, common vetch, black knapweed, yarrow, oxeye daisy, musk mallow, wild carrot, red campion, white campion, phacelia"
pic_s15_2017_ne_v_q07.png,s15_2017_ne_v,q07,1,"alsike clover, red clover, sainfoin, lucerne, bird's-foot trefoil"
pic_s15_2017_ne_v_q08.png,s15_2017_ne_v,q08,0,"crimson clover, sweet clover, white clover, sainfoin, black medick, common vetch, black knapweed, yarrow, oxeye daisy, musk mallow, wild carrot, red campion, white campion"
pic_s15_2017_ne_v_q08.png,s15_2017_ne_v,q08,1,"alsike clover, red clover, lucerne, bird's-foot trefoil, phacelia"
pic_s15_2017_ne_v_q09.png,s15_2017_ne_v,q09,0,"crimson clover, sweet clover, white clover, sainfoin, black medick, common vetch, black knapweed, yarrow, oxeye daisy, musk mallow, wild carrot, red campion, white campion"
pic_s15_2017_ne_v_q09.png,s15_2017_ne_v,q09,1,"alsike clover, red clover, lucerne, bird's-foot trefoil, phacelia"
pic_s15_2017_ne_v_q10.png,s15_2017_ne_v,q10,0,"crimson clover, sweet clover, white clover, black medick, common vetch, black knapweed, yarrow, oxeye daisy, musk mallow, wild carrot, red campion, white campion"
pic_s15_2017_ne_v_q10.png,s15_2017_ne_v,q10,1,"alsike clover, red clover, sainfoin, lucerne, bird's-foot trefoil, phacelia"
pic_s16_2017_ne_v_q01.png,s16_2017_ne_v,q01,0,"crimson clover, sweet clover, white clover, sainfoin, lucerne, black medick, black knapweed, yarrow, oxeye daisy, musk mallow, wild carrot, red campion, white campion, phacelia"
pic_s16_2017_ne_v_q01.png,s16_2017_ne_v,q01,1,"alsike clover, red clover, bird's-foot trefoil, common vetch"
pic_s16_2017_ne_v_q02.png,s16_2017_ne_v,q02,0,"crimson clover, sweet clover, white clover, sainfoin, lucerne, black medick, common vetch, black knapweed, yarrow, oxeye daisy, musk mallow, wild carrot, red campion, white campion, phacelia"
pic_s16_2017_ne_v_q02.png,s16_2017_ne_v,q02,1,"alsike clover, red clover, bird's-foot trefoil"
pic_s16_2017_ne_v_q03.png,s16_2017_ne_v,q03,0,"crimson clover, sweet clover, white clover, sainfoin, lucerne, black medick, common vetch, black knapweed, yarrow, oxeye daisy, musk mallow, wild carrot, red campion, white campion, phacelia"
pic_s16_2017_ne_v_q03.png,s16_2017_ne_v,q03,1,"alsike clover, red clover, bird's-foot trefoil"
pic_s16_2017_ne_v_q04.png,s16_2017_ne_v,q04,0,"crimson clover, sweet clover, white clover, black medick, common vetch, black knapweed, yarrow, oxeye daisy, musk mallow, wild carrot, red campion, white campion, phacelia"
pic_s16_2017_ne_v_q04.png,s16_2017_ne_v,q04,1,"alsike clover, red clover, sainfoin, lucerne, bird's-foot trefoil"
pic_s16_2017_ne_v_q05.png,s16_2017_ne_v,q05,0,"crimson clover, sweet clover, white clover, sainfoin, black medick, common vetch, black knapweed, yarrow, oxeye daisy, musk mallow, wild carrot, red campion, white campion, phacelia"
pic_s16_2017_ne_v_q05.png,s16_2017_ne_v,q05,1,"alsike clover, red clover, lucerne, bird's-foot trefoil"
pic_s16_2017_ne_v_q06.png,s16_2017_ne_v,q06,0,"crimson clover, sweet clover, white clover, sainfoin, black medick, common vetch, black knapweed, yarrow, oxeye daisy, musk mallow, wild carrot, red campion, white campion, phacelia"
pic_s16_2017_ne_v_q06.png,s16_2017_ne_v,q06,1,"alsike clover, red clover, lucerne, bird's-foot trefoil"
pic_s16_2017_ne_v_q07.png,s16_2017_ne_v,q07,0,"crimson clover, sweet clover, white clover, black medick, common vetch, black knapweed, yarrow, oxeye daisy, musk mallow, wild carrot, red campion, white campion, phacelia"
pic_s16_2017_ne_v_q07.png,s16_2017_ne_v,q07,1,"alsike clover, red clover, sainfoin, lucerne, bird's-foot trefoil"
pic_s16_2017_ne_v_q08.png,s16_2017_ne_v,q08,0,"crimson clover, sweet clover, white clover, sainfoin, black medick, common vetch, black knapweed, yarrow, oxeye daisy, musk mallow, wild carrot, red campion, white campion, phacelia"
pic_s16_2017_ne_v_q08.png,s16_2017_ne_v,q08,1,"alsike clover, red clover, lucerne, bird's-foot trefoil"
pic_s16_2017_ne_v_q09.png,s16_2017_ne_v,q09,0,"crimson clover, sweet clover, white clover, sainfoin, lucerne, black medick, common vetch, black knapweed, yarrow, oxeye daisy, musk mallow, wild carrot, red campion, white campion, phacelia"
pic_s16_2017_ne_v_q09.png,s16_2017_ne_v,q09,1,"alsike clover, red clover, bird's-foot trefoil"
pic_s16_2017_ne_v_q10.png,s16_2017_ne_v,q10,0,"crimson clover, sweet clover, white clover, sainfoin, black medick, common vetch, black knapweed, yarrow, oxeye daisy, musk mallow, wild carrot, red campion, white campion, phacelia"
pic_s16_2017_ne_v_q10.png,s16_2017_ne_v,q10,1,"alsike clover, red clover, lucerne, bird's-foot trefoil"
pic_s18_2018_ne_q01.png,s18_2018_ne,q01,1,"clover, crimson clover, red clover, sweet clover, white clover, bird's-foot trefoil, sainfoin, lucerne, black medick, common vetch, black knapweed, yarrow, oxeye daisy, musk mallow, wild carrot, fenugreek, red campion, white campion, phacelia, borage"
pic_s18_2018_ne_q02.png,s18_2018_ne,q02,1,"clover, crimson clover, red clover, sweet clover, white clover, bird's-foot trefoil, sainfoin, lucerne, black medick, common vetch, black knapweed, yarrow, oxeye daisy, musk mallow, wild carrot, fenugreek, red campion, white campion, phacelia, borage"
pic_s18_2018_ne_q03.png,s18_2018_ne,q03,1,"clover, crimson clover, red clover, sweet clover, white clover, bird's-foot trefoil, sainfoin, lucerne, black medick, common vetch, black knapweed, yarrow, oxeye daisy, musk mallow, wild carrot, fenugreek, red campion, white campion, phacelia, borage"
pic_s18_2018_ne_q04.png,s18_2018_ne,q04,1,"clover, crimson clover, red clover, sweet clover, white clover, bird's-foot trefoil, sainfoin, lucerne, black medick, common vetch, black knapweed, yarrow, oxeye daisy, musk mallow, wild carrot, fenugreek, red campion, white campion, phacelia, borage"
pic_s18_2018_ne_q05.png,s18_2018_ne,q05,1,"clover, crimson clover, red clover, sweet clover, white clover, bird's-foot trefoil, sainfoin, lucerne, black medick, common vetch, black knapweed, yarrow, oxeye daisy, musk mallow, wild carrot, fenugreek, red campion, white campion, phacelia, borage"
pic_s18_2018_ne_q06.png,s18_2018_ne,q06,1,"clover, crimson clover, red clover, sweet clover, white clover, bird's-foot trefoil, sainfoin, lucerne, black medick, common vetch, black knapweed, yarrow, oxeye daisy, musk mallow, wild carrot, fenugreek, red campion, white campion, phacelia, borage"
pic_s18_2018_ne_q07.png,s18_2018_ne,q07,1,"clover, crimson clover, red clover, sweet clover, white clover, bird's-foot trefoil, sainfoin, lucerne, black medick, common vetch, black knapweed, yarrow, oxeye daisy, musk mallow, wild carrot, fenugreek, red campion, white campion, phacelia, borage"
pic_s18_2018_ne_q08.png,s18_2018_ne,q08,1,"clover, crimson clover, red clover, sweet clover, white clover, bird's-foot trefoil, sainfoin, lucerne, black medick, common vetch, black knapweed, yarrow, oxeye daisy, musk mallow, wild carrot, fenugreek, red campion, white campion, phacelia, borage"
pic_s18_2018_ne_q09.png,s18_2018_ne,q09,1,"clover, crimson clover, red clover, sweet clover, white clover, bird's-foot trefoil, sainfoin, lucerne, black medick, common vetch, black knapweed, yarrow, oxeye daisy, musk mallow, wild carrot, fenugreek, red campion, white campion, phacelia, borage"
pic_s18_2018_ne_q10.png,s18_2018_ne,q10,1,"clover, crimson clover, red clover, sweet clover, white clover, bird's-foot trefoil, sainfoin, lucerne, black medick, common vetch, black knapweed, yarrow, oxeye daisy, musk mallow, wild carrot, fenugreek, red campion, white campion, phacelia, borage"
pic_s19_2018_ne_q01.png,s19_2018_ne,q01,0,"crimson clover, sweet clover, white clover, bird's-foot trefoil, sainfoin, common vetch, black knapweed, yarrow, oxeye daisy, musk mallow, wild carrot, fenugreek, phacelia, borage"
pic_s19_2018_ne_q01.png,s19_2018_ne,q01,1,"alsike clover, red clover, lucerne, black medick, red campion, white campion"
pic_s19_2018_ne_q02.png,s19_2018_ne,q02,0,"crimson clover, sweet clover, white clover, common vetch, black knapweed, yarrow, oxeye daisy, musk mallow, wild carrot, fenugreek, white campion, phacelia, borage"
pic_s19_2018_ne_q02.png,s19_2018_ne,q02,1,"alsike clover, red clover, bird's-foot trefoil, sainfoin, lucerne, black medick, red campion"
pic_s19_2018_ne_q03.png,s19_2018_ne,q03,0,"crimson clover, sweet clover, white clover, common vetch, black knapweed, yarrow, oxeye daisy, musk mallow, wild carrot, fenugreek, red campion, phacelia, borage"
pic_s19_2018_ne_q03.png,s19_2018_ne,q03,1,"alsike clover, red clover, bird's-foot trefoil, sainfoin, lucerne, black medick, white campion"
pic_s19_2018_ne_q04.png,s19_2018_ne,q04,0,"crimson clover, sweet clover, white clover, common vetch, black knapweed, yarrow, oxeye daisy, musk mallow, wild carrot, fenugreek, white campion, phacelia, borage"
pic_s19_2018_ne_q04.png,s19_2018_ne,q04,1,"alsike clover, red clover, bird's-foot trefoil, sainfoin, lucerne, black medick, red campion"
pic_s19_2018_ne_q05.png,s19_2018_ne,q05,0,"crimson clover, sweet clover, white clover, bird's-foot trefoil, common vetch, black knapweed, yarrow, oxeye daisy, musk mallow, wild carrot, fenugreek, white campion, phacelia, borage"
pic_s19_2018_ne_q05.png,s19_2018_ne,q05,1,"alsike clover, red clover, sainfoin, lucerne, black medick, red campion"
pic_s19_2018_ne_q06.png,s19_2018_ne,q06,0,"alsike clover, crimson clover, sweet clover, white clover, sainfoin, common vetch, black knapweed, yarrow, oxeye daisy, musk mallow, wild carrot, fenugreek, phacelia, borage"
pic_s19_2018_ne_q06.png,s19_2018_ne,q06,1,"red clover, bird's-foot trefoil, lucerne, black medick, red campion, white campion"
pic_s19_2018_ne_q07.png,s19_2018_ne,q07,0,"crimson clover, sweet clover, white clover, black medick, common vetch, black knapweed, yarrow, oxeye daisy, musk mallow, wild carrot, fenugreek, red campion, phacelia, borage"
pic_s19_2018_ne_q07.png,s19_2018_ne,q07,1,"alsike clover, red clover, bird's-foot trefoil, sainfoin, lucerne, white campion"
pic_s19_2018_ne_q08.png,s19_2018_ne,q08,0,"crimson clover, sweet clover, white clover, sainfoin, black medick, common vetch, black knapweed, yarrow, oxeye daisy, musk mallow, wild carrot, fenugreek, white campion, phacelia, borage"
pic_s19_2018_ne_q08.png,s19_2018_ne,q08,1,"alsike clover, red clover, bird's-foot trefoil, lucerne, red campion"
pic_s19_2018_ne_q09.png,s19_2018_ne,q09,0,"crimson clover, sweet clover, white clover, bird's-foot trefoil, sainfoin, black medick, common vetch, black knapweed, yarrow, oxeye daisy, musk mallow, wild carrot, fenugreek, phacelia, borage"
pic_s19_2018_ne_q09.png,s19_2018_ne,q09,1,"alsike clover, red clover, lucerne, red campion, white campion"
pic_s19_2018_ne_q10.png,s19_2018_ne,q10,0,"alsike clover, crimson clover, sweet clover, white clover, sainfoin, common vetch, black knapweed, yarrow, oxeye daisy, musk mallow, wild carrot, fenugreek, white campion, phacelia, borage"
pic_s19_2018_ne_q10.png,s19_2018_ne,q10,1,"red clover, bird's-foot trefoil, lucerne, black medick, red campion"
pic_s20_2018_ne_q01.png,s20_2018_ne,q01,0,"crimson clover, red clover, sweet clover, white clover, sainfoin, black medick, common vetch, black knapweed, yarrow, oxeye daisy, musk mallow, wild carrot, fenugreek, white campion, phacelia, borage"
pic_s20_2018_ne_q01.png,s20_2018_ne,q01,1,"alsike clover, bird's-foot trefoil, lucerne, red campion"
pic_s20_2018_ne_q02.png,s20_2018_ne,q02,0,"crimson clover, red clover, sweet clover, white clover, sainfoin, lucerne, black medick, common vetch, black knapweed, yarrow, oxeye daisy, musk mallow, wild carrot, fenugreek, red campion, phacelia, borage"
pic_s20_2018_ne_q02.png,s20_2018_ne,q02,1,"alsike clover, bird's-foot trefoil, white campion"
pic_s20_2018_ne_q03.png,s20_2018_ne,q03,0,"crimson clover, red clover, sweet clover, white clover, sainfoin, black medick, common vetch, black knapweed, yarrow, oxeye daisy, musk mallow, wild carrot, fenugreek, phacelia, borage"
pic_s20_2018_ne_q03.png,s20_2018_ne,q03,1,"alsike clover, bird's-foot trefoil, lucerne, red campion, white campion"
pic_s20_2018_ne_q04.png,s20_2018_ne,q04,0,"crimson clover, sweet clover, white clover, sainfoin, lucerne, black medick, common vetch, black knapweed, yarrow, oxeye daisy, musk mallow, wild carrot, fenugreek, phacelia, borage"
pic_s20_2018_ne_q04.png,s20_2018_ne,q04,1,"alsike clover, red clover, bird's-foot trefoil, red campion, white campion"
pic_s20_2018_ne_q05.png,s20_2018_ne,q05,0,"crimson clover, sweet clover, white clover, sainfoin, lucerne, common vetch, black knapweed, yarrow, oxeye daisy, musk mallow, wild carrot, fenugreek, phacelia, borage"
pic_s20_2018_ne_q05.png,s20_2018_ne,q05,1,"alsike clover, red clover, bird's-foot trefoil, black medick, red campion, white campion"
pic_s20_2018_ne_q06.png,s20_2018_ne,q06,0,"alsike clover, crimson clover, sweet clover, white clover, sainfoin, common vetch, black knapweed, yarrow, oxeye daisy, musk mallow, wild carrot, fenugreek, red campion, white campion, phacelia, borage"
pic_s20_2018_ne_q06.png,s20_2018_ne,q06,1,"red clover, bird's-foot trefoil, lucerne, black medick"
pic_s20_2018_ne_q07.png,s20_2018_ne,q07,0,"crimson clover, sweet clover, white clover, sainfoin, common vetch, black knapweed, yarrow, oxeye daisy, musk mallow, wild carrot, fenugreek, phacelia, borage"
pic_s20_2018_ne_q07.png,s20_2018_ne,q07,1,"alsike clover, red clover, bird's-foot trefoil, lucerne, black medick, red campion, white campion"
pic_s20_2018_ne_q08.png,s20_2018_ne,q08,0,"alsike clover, crimson clover, sweet clover, white clover, sainfoin, common vetch, black knapweed, yarrow, oxeye daisy, musk mallow, wild carrot, fenugreek, white campion, phacelia, borage"
pic_s20_2018_ne_q08.png,s20_2018_ne,q08,1,"red clover, bird's-foot trefoil, lucerne, black medick, red campion"
pic_s20_2018_ne_q09.png,s20_2018_ne,q09,0,"crimson clover, sweet clover, white clover, sainfoin, common vetch, black knapweed, yarrow, oxeye daisy, musk mallow, wild carrot, fenugreek, red campion, phacelia, borage"
pic_s20_2018_ne_q09.png,s20_2018_ne,q09,1,"alsike clover, red clover, bird's-foot trefoil, lucerne, black medick, white campion"
pic_s20_2018_ne_q10.png,s20_2018_ne,q10,0,"crimson clover, sweet clover, white clover, sainfoin, common vetch, black knapweed, yarrow, oxeye daisy, musk mallow, wild carrot, fenugreek, white campion, phacelia, borage"
pic_s20_2018_ne_q10.png,s20_2018_ne,q10,1,"alsike clover, red clover, bird's-foot trefoil, lucerne, black medick, red campion"
pic_s21_2018_ne_q01.png,s21_2018_ne,q01,0,"alsike clover, crimson clover, red clover, sweet clover, white clover, sainfoin, black medick, common vetch, black knapweed, yarrow, oxeye daisy, musk mallow, wild carrot, fenugreek, white campion, phacelia, borage"
pic_s21_2018_ne_q01.png,s21_2018_ne,q01,1,"bird's-foot trefoil, lucerne, red campion"
pic_s21_2018_ne_q02.png,s21_2018_ne,q02,0,"alsike clover, crimson clover, red clover, sweet clover, white clover, sainfoin, common vetch, black knapweed, yarrow, oxeye daisy, musk mallow, wild carrot, fenugreek, phacelia, borage"
pic_s21_2018_ne_q02.png,s21_2018_ne,q02,1,"bird's-foot trefoil, lucerne, black medick, red campion, white campion"
pic_s21_2018_ne_q03.png,s21_2018_ne,q03,0,"alsike clover, crimson clover, red clover, sweet clover, white clover, sainfoin, common vetch, black knapweed, yarrow, oxeye daisy, musk mallow, wild carrot, fenugreek, white campion, phacelia, borage"
pic_s21_2018_ne_q03.png,s21_2018_ne,q03,1,"bird's-foot trefoil, lucerne, black medick, red campion"
pic_s21_2018_ne_q04.png,s21_2018_ne,q04,0,"alsike clover, crimson clover, red clover, sweet clover, white clover, bird's-foot trefoil, sainfoin, black medick, common vetch, black knapweed, yarrow, oxeye daisy, musk mallow, wild carrot, fenugreek, white campion, phacelia, borage"
pic_s21_2018_ne_q04.png,s21_2018_ne,q04,1,"lucerne, red campion"
pic_s21_2018_ne_q05.png,s21_2018_ne,q05,0,"alsike clover, crimson clover, red clover, sweet clover, white clover, sainfoin, black medick, common vetch, black knapweed, yarrow, oxeye daisy, musk mallow, wild carrot, fenugreek, red campion, phacelia, borage"
pic_s21_2018_ne_q05.png,s21_2018_ne,q05,1,"bird's-foot trefoil, lucerne, white campion"
pic_s21_2018_ne_q06.png,s21_2018_ne,q06,0,"alsike clover, crimson clover, sweet clover, white clover, sainfoin, black medick, common vetch, black knapweed, yarrow, oxeye daisy, musk mallow, wild carrot, fenugreek, phacelia, borage"
pic_s21_2018_ne_q06.png,s21_2018_ne,q06,1,"red clover, bird's-foot trefoil, lucerne, red campion, white campion"
pic_s21_2018_ne_q07.png,s21_2018_ne,q07,0,"alsike clover, crimson clover, red clover, sweet clover, white clover, sainfoin, black medick, common vetch, black knapweed, yarrow, oxeye daisy, musk mallow, wild carrot, fenugreek, white campion, phacelia, borage"
pic_s21_2018_ne_q07.png,s21_2018_ne,q07,1,"bird's-foot trefoil, lucerne, red campion"
pic_s21_2018_ne_q08.png,s21_2018_ne,q08,0,"alsike clover, crimson clover, red clover, sweet clover, white clover, sainfoin, black medick, common vetch, black knapweed, yarrow, oxeye daisy, musk mallow, wild carrot, fenugreek, phacelia, borage"
pic_s21_2018_ne_q08.png,s21_2018_ne,q08,1,"bird's-foot trefoil, lucerne, red campion, white campion"
pic_s21_2018_ne_q09.png,s21_2018_ne,q09,0,"alsike clover, crimson clover, red clover, sweet clover, white clover, sainfoin, black medick, common vetch, black knapweed, yarrow, oxeye daisy, musk mallow, fenugreek, white campion, phacelia, borage"
pic_s21_2018_ne_q09.png,s21_2018_ne,q09,1,"bird's-foot trefoil, lucerne, wild carrot, red campion"
pic_s21_2018_ne_q10.png,s21_2018_ne,q10,0,"alsike clover, crimson clover, red clover, sweet clover, white clover, bird's-foot trefoil, sainfoin, black medick, common vetch, black knapweed, yarrow, oxeye daisy, musk mallow, wild carrot, fenugreek, white campion, phacelia, borage"
pic_s21_2018_ne_q10.png,s21_2018_ne,q10,1,"lucerne, red campion"
pic_s22_2018_ne_q01.png,s22_2018_ne,q01,0,"alsike clover, crimson clover, red clover, sweet clover, white clover, bird's-foot trefoil, sainfoin, lucerne, black medick, common vetch, yarrow, oxeye daisy, musk mallow, wild carrot, fenugreek, red campion, white campion, phacelia, borage"
pic_s22_2018_ne_q01.png,s22_2018_ne,q01,1,black knapweed
pic_s22_2018_ne_q02.png,s22_2018_ne,q02,0,"crimson clover, sweet clover, white clover, sainfoin, lucerne, black medick, common vetch, black knapweed, yarrow, oxeye daisy, musk mallow, wild carrot, fenugreek, red campion, white campion, phacelia, borage"
pic_s22_2018_ne_q02.png,s22_2018_ne,q02,1,"alsike clover, red clover, bird's-foot trefoil"
pic_s22_2018_ne_q03.png,s22_2018_ne,q03,0,"crimson clover, sweet clover, white clover, sainfoin, lucerne, black medick, common vetch, black knapweed, yarrow, oxeye daisy, musk mallow, wild carrot, fenugreek, red campion, white campion, phacelia, borage"
pic_s22_2018_ne_q03.png,s22_2018_ne,q03,1,"alsike clover, red clover, bird's-foot trefoil"
pic_s22_2018_ne_q04.png,s22_2018_ne,q04,0,"alsike clover, crimson clover, sweet clover, white clover, sainfoin, lucerne, black medick, common vetch, black knapweed, yarrow, oxeye daisy, musk mallow, wild carrot, fenugreek, red campion, white campion, phacelia, borage"
pic_s22_2018_ne_q04.png,s22_2018_ne,q04,1,"red clover, bird's-foot trefoil"
pic_s22_2018_ne_q05.png,s22_2018_ne,q05,0,"alsike clover, crimson clover, sweet clover, white clover, bird's-foot trefoil, sainfoin, lucerne, black medick, common vetch, black knapweed, yarrow, oxeye daisy, musk mallow, wild carrot, fenugreek, red campion, white campion, phacelia, borage"
pic_s22_2018_ne_q05.png,s22_2018_ne,q05,1,red clover
pic_s22_2018_ne_q06.png,s22_2018_ne,q06,0,"crimson clover, sweet clover, white clover, bird's-foot trefoil, sainfoin, lucerne, black medick, common vetch, black knapweed, yarrow, oxeye daisy, musk mallow, wild carrot, fenugreek, red campion, white campion, phacelia, borage"
pic_s22_2018_ne_q06.png,s22_2018_ne,q06,1,"alsike clover, red clover"
pic_s22_2018_ne_q07.png,s22_2018_ne,q07,0,"alsike clover, crimson clover, sweet clover, white clover, sainfoin, lucerne, black medick, common vetch, yarrow, oxeye daisy, musk mallow, wild carrot, fenugreek, red campion, white campion, phacelia, borage"
pic_s22_2018_ne_q07.png,s22_2018_ne,q07,1,"red clover, bird's-foot trefoil, black knapweed"
pic_s22_2018_ne_q08.png,s22_2018_ne,q08,0,"alsike clover, crimson clover, sweet clover, white clover, sainfoin, lucerne, black medick, common vetch, black knapweed, yarrow, oxeye daisy, musk mallow, wild carrot, fenugreek, red campion, white campion, phacelia, borage"
pic_s22_2018_ne_q08.png,s22_2018_ne,q08,1,"red clover, bird's-foot trefoil"
pic_s22_2018_ne_q09.png,s22_2018_ne,q09,0,"alsike clover, crimson clover, sweet clover, white clover, sainfoin, lucerne, black medick, common vetch, black knapweed, yarrow, oxeye daisy, musk mallow, wild carrot, fenugreek, red campion, white campion, phacelia, borage"
pic_s22_2018_ne_q09.png,s22_2018_ne,q09,1,"red clover, bird's-foot trefoil"
pic_s22_2018_ne_q10.png,s22_2018_ne,q10,0,"alsike clover, crimson clover, sweet clover, white clover, bird's-foot trefoil, sainfoin, lucerne, black medick, common vetch, yarrow, oxeye daisy, musk mallow, wild carrot, fenugreek, red campion, white campion, phacelia, borage"
pic_s22_2018_ne_q10.png,s22_2018_ne,q10,1,"red clover, black knapweed"
pic_s23_2017_ne_q01.png,s23_2017_ne,q01,0,"alsike clover, crimson clover, red clover, sweet clover, white clover, sainfoin, lucerne, bird's-foot trefoil, black medick, common vetch, black knapweed, yarrow, oxeye daisy, musk mallow, wild carrot, red campion, white campion, tufted vetch"
pic_s23_2017_ne_q01.png,s23_2017_ne,q01,1,phacelia
pic_s23_2017_ne_q02.png,s23_2017_ne,q02,0,"alsike clover, crimson clover, red clover, sweet clover, white clover, sainfoin, lucerne, bird's-foot trefoil, black medick, common vetch, black knapweed, yarrow, oxeye daisy, musk mallow, wild carrot, red campion, white campion, phacelia, tufted vetch"
pic_s23_2017_ne_q03.png,s23_2017_ne,q03,0,"alsike clover, crimson clover, red clover, sweet clover, white clover, sainfoin, lucerne, bird's-foot trefoil, black medick, common vetch, black knapweed, yarrow, oxeye daisy, musk mallow, wild carrot, red campion, white campion"
pic_s23_2017_ne_q03.png,s23_2017_ne,q03,1,"phacelia, tufted vetch"
pic_s23_2017_ne_q04.png,s23_2017_ne,q04,0,"alsike clover, crimson clover, red clover, sweet clover, white clover, sainfoin, lucerne, bird's-foot trefoil, black medick, common vetch, black knapweed, yarrow, oxeye daisy, musk mallow, wild carrot, red campion, white campion, phacelia, tufted vetch"
pic_s23_2017_ne_q05.png,s23_2017_ne,q05,0,"alsike clover, crimson clover, red clover, sweet clover, white clover, sainfoin, lucerne, bird's-foot trefoil, black medick, common vetch, black knapweed, yarrow, oxeye daisy, musk mallow, wild carrot, red campion, white campion, tufted vetch"
pic_s23_2017_ne_q05.png,s23_2017_ne,q05,1,phacelia
pic_s23_2017_ne_q06.png,s23_2017_ne,q06,0,"alsike clover, crimson clover, red clover, sweet clover, white clover, sainfoin, lucerne, bird's-foot trefoil, black medick, common vetch, black knapweed, yarrow, oxeye daisy, musk mallow, wild carrot, red campion, white campion, tufted vetch"
pic_s23_2017_ne_q06.png,s23_2017_ne,q06,1,phacelia
pic_s23_2017_ne_q07.png,s23_2017_ne,q07,0,"alsike clover, crimson clover, red clover, sweet clover, white clover, sainfoin, lucerne, bird's-foot trefoil, black medick, common vetch, black knapweed, yarrow, oxeye daisy, musk mallow, wild carrot, red campion, white campion, phacelia, tufted vetch"
pic_s23_2017_ne_q08.png,s23_2017_ne,q08,0,"alsike clover, crimson clover, red clover, sweet clover, white clover, sainfoin, lucerne, bird's-foot trefoil, black medick, common vetch, black knapweed, yarrow, oxeye daisy, musk mallow, wild carrot, red campion, white campion, phacelia, tufted vetch"
pic_s23_2017_ne_q09.png,s23_2017_ne,q09,0,"alsike clover, crimson clover, red clover, sweet clover, white clover, sainfoin, lucerne, bird's-foot trefoil, black medick, common vetch, black knapweed, yarrow, oxeye daisy, musk mallow, wild carrot, red campion, white campion, phacelia, tufted vetch"
pic_s23_2017_ne_q10.png,s23_2017_ne,q10,0,"alsike clover, crimson clover, red clover, sweet clover, white clover, sainfoin, lucerne, bird's-foot trefoil, black medick, common vetch, black knapweed, yarrow, oxeye daisy, musk mallow, wild carrot, red campion, white campion, tufted vetch"
pic_s23_2017_ne_q10.png,s23_2017_ne,q10,1,phacelia
pic_s24_2017_ne_q01.png,s24_2017_ne,q01,0,"crimson clover, sweet clover, white clover, sainfoin, black medick, common vetch, black knapweed, yarrow, oxeye daisy, musk mallow, wild carrot, red campion, white campion, phacelia"
pic_s24_2017_ne_q01.png,s24_2017_ne,q01,1,"alsike clover, red clover, lucerne, bird's-foot trefoil"
pic_s24_2017_ne_q02.png,s24_2017_ne,q02,0,"crimson clover, sweet clover, white clover, sainfoin, black medick, common vetch, black knapweed, yarrow, oxeye daisy, musk mallow, wild carrot, red campion, white campion, phacelia"
pic_s24_2017_ne_q02.png,s24_2017_ne,q02,1,"alsike clover, red clover, lucerne, bird's-foot trefoil"
pic_s24_2017_ne_q03.png,s24_2017_ne,q03,0,"crimson clover, sweet clover, white clover, black medick, common vetch, black knapweed, yarrow, oxeye daisy, wild carrot, red campion, white campion, phacelia"
pic_s24_2017_ne_q03.png,s24_2017_ne,q03,1,"alsike clover, red clover, sainfoin, lucerne, bird's-foot trefoil, musk mallow"
pic_s24_2017_ne_q04.png,s24_2017_ne,q04,0,"crimson clover, sweet clover, white clover, sainfoin, black medick, common vetch, black knapweed, yarrow, oxeye daisy, musk mallow, wild carrot, red campion, white campion, phacelia"
pic_s24_2017_ne_q04.png,s24_2017_ne,q04,1,"alsike clover, red clover, lucerne, bird's-foot trefoil"
pic_s24_2017_ne_q05.png,s24_2017_ne,q05,0,"crimson clover, sweet clover, white clover, sainfoin, black medick, common vetch, black knapweed, yarrow, oxeye daisy, musk mallow, wild carrot, red campion, white campion, phacelia"
pic_s24_2017_ne_q05.png,s24_2017_ne,q05,1,"alsike clover, red clover, lucerne, bird's-foot trefoil"
pic_s24_2017_ne_q06.png,s24_2017_ne,q06,0,"crimson clover, sweet clover, white clover, sainfoin, black medick, common vetch, black knapweed, yarrow, oxeye daisy, musk mallow, wild carrot, red campion, white campion, phacelia"
pic_s24_2017_ne_q06.png,s24_2017_ne,q06,1,"alsike clover, red clover, lucerne, bird's-foot trefoil"
pic_s24_2017_ne_q07.png,s24_2017_ne,q07,0,"crimson clover, sweet clover, white clover, sainfoin, black medick, common vetch, black knapweed, yarrow, oxeye daisy, musk mallow, wild carrot, red campion, white campion, phacelia"
pic_s24_2017_ne_q07.png,s24_2017_ne,q07,1,"alsike clover, red clover, lucerne, bird's-foot trefoil"
pic_s24_2017_ne_q08.png,s24_2017_ne,q08,0,"crimson clover, sweet clover, white clover, bird's-foot trefoil, black medick, common vetch, black knapweed, yarrow, oxeye daisy, musk mallow, wild carrot, red campion, white campion, phacelia"
pic_s24_2017_ne_q08.png,s24_2017_ne,q08,1,"alsike clover, red clover, sainfoin, lucerne"
pic_s24_2017_ne_q09.png,s24_2017_ne,q09,0,"crimson clover, sweet clover, white clover, sainfoin, black medick, common vetch, black knapweed, yarrow, oxeye daisy, musk mallow, wild carrot, red campion, white campion, phacelia"
pic_s24_2017_ne_q09.png,s24_2017_ne,q09,1,"alsike clover, red clover, lucerne, bird's-foot trefoil"
pic_s24_2017_ne_q10.png,s24_2017_ne,q10,0,"crimson clover, sweet clover, white clover, sainfoin, black medick, common vetch, black knapweed, yarrow, oxeye daisy, musk mallow, wild carrot, red campion, white campion, phacelia"
pic_s24_2017_ne_q10.png,s24_2017_ne,q10,1,"alsike clover, red clover, lucerne, bird's-foot trefoil"
pic_s27_2017_ne_q01.png,s27_2017_ne,q01,0,"crimson clover, red clover, white clover, sainfoin, bird's-foot trefoil, black medick, common vetch, black knapweed, yarrow, oxeye daisy, musk mallow, wild carrot, red campion, white campion"
pic_s27_2017_ne_q01.png,s27_2017_ne,q01,1,"alsike clover, sweet clover, lucerne, phacelia"
pic_s27_2017_ne_q02.png,s27_2017_ne,q02,0,"crimson clover, white clover, black medick, common vetch, black knapweed, yarrow, oxeye daisy, musk mallow, wild carrot, red campion, white campion"
pic_s27_2017_ne_q02.png,s27_2017_ne,q02,1,"alsike clover, red clover, sweet clover, sainfoin, lucerne, bird's-foot trefoil, phacelia"
pic_s27_2017_ne_q03.png,s27_2017_ne,q03,0,"crimson clover, white clover, sainfoin, bird's-foot trefoil, black medick, common vetch, black knapweed, yarrow, oxeye daisy, musk mallow, wild carrot, red campion, white campion"
pic_s27_2017_ne_q03.png,s27_2017_ne,q03,1,"alsike clover, red clover, sweet clover, lucerne, phacelia"
pic_s27_2017_ne_q04.png,s27_2017_ne,q04,0,"crimson clover, white clover, sainfoin, black medick, common vetch, black knapweed, yarrow, oxeye daisy, musk mallow, wild carrot, red campion, white campion"
pic_s27_2017_ne_q04.png,s27_2017_ne,q04,1,"alsike clover, red clover, sweet clover, lucerne, bird's-foot trefoil, phacelia"
pic_s27_2017_ne_q05.png,s27_2017_ne,q05,0,"crimson clover, white clover, sainfoin, bird's-foot trefoil, black medick, common vetch, black knapweed, yarrow, oxeye daisy, musk mallow, wild carrot, red campion, white campion"
pic_s27_2017_ne_q05.png,s27_2017_ne,q05,1,"alsike clover, red clover, sweet clover, lucerne, phacelia"
pic_s27_2017_ne_q06.png,s27_2017_ne,q06,0,"crimson clover, white clover, bird's-foot trefoil, black medick, common vetch, black knapweed, yarrow, oxeye daisy, musk mallow, wild carrot, red campion, white campion"
pic_s27_2017_ne_q06.png,s27_2017_ne,q06,1,"alsike clover, red clover, sweet clover, sainfoin, lucerne, phacelia"
pic_s27_2017_ne_q07.png,s27_2017_ne,q07,0,"crimson clover, white clover, sainfoin, black medick, common vetch, black knapweed, yarrow, oxeye daisy, musk mallow, wild carrot, red campion"
pic_s27_2017_ne_q07.png,s27_2017_ne,q07,1,"alsike clover, red clover, sweet clover, lucerne, bird's-foot trefoil, white campion, phacelia"
pic_s27_2017_ne_q08.png,s27_2017_ne,q08,0,"crimson clover, sweet clover, white clover, black medick, common vetch, black knapweed, yarrow, oxeye daisy, musk mallow, wild carrot, red campion, white campion"
pic_s27_2017_ne_q08.png,s27_2017_ne,q08,1,"alsike clover, red clover, sainfoin, lucerne, bird's-foot trefoil, phacelia"
pic_s27_2017_ne_q09.png,s27_2017_ne,q09,0,"crimson clover, sweet clover, white clover, sainfoin, bird's-foot trefoil, black medick, common vetch, black knapweed, yarrow, oxeye daisy, musk mallow, wild carrot, red campion, white campion"
pic_s27_2017_ne_q09.png,s27_2017_ne,q09,1,"alsike clover, red clover, lucerne, phacelia"
pic_s27_2017_ne_q10.png,s27_2017_ne,q10,0,"crimson clover, sweet clover, white clover, sainfoin, black medick, common vetch, black knapweed, yarrow, oxeye daisy, musk mallow, wild carrot, red campion, white campion"
pic_s27_2017_ne_q10.png,s27_2017_ne,q10,1,"alsike clover, red clover, lucerne, bird's-foot trefoil, phacelia"
pic_s28_2017_ne_q01.png,s28_2017_ne,q01,0,"crimson clover, sweet clover, white clover, lucerne, black medick, common vetch, black knapweed, yarrow, oxeye daisy, musk mallow, wild carrot, red campion, white campion, phacelia"
pic_s28_2017_ne_q01.png,s28_2017_ne,q01,1,"alsike clover, red clover, sainfoin, bird's-foot trefoil"
pic_s28_2017_ne_q02.png,s28_2017_ne,q02,0,"crimson clover, sweet clover, white clover, sainfoin, lucerne, black medick, common vetch, black knapweed, yarrow, oxeye daisy, musk mallow, wild carrot, red campion, white campion, phacelia"
pic_s28_2017_ne_q02.png,s28_2017_ne,q02,1,"alsike clover, red clover, bird's-foot trefoil"
pic_s28_2017_ne_q03.png,s28_2017_ne,q03,0,"crimson clover, sweet clover, white clover, lucerne, black medick, common vetch, black knapweed, yarrow, oxeye daisy, musk mallow, wild carrot, red campion, white campion, phacelia"
pic_s28_2017_ne_q03.png,s28_2017_ne,q03,1,"alsike clover, red clover, sainfoin, bird's-foot trefoil"
pic_s28_2017_ne_q04.png,s28_2017_ne,q04,0,"crimson clover, sweet clover, white clover, lucerne, black medick, common vetch, black knapweed, yarrow, oxeye daisy, musk mallow, wild carrot, red campion, white campion, phacelia"
pic_s28_2017_ne_q04.png,s28_2017_ne,q04,1,"alsike clover, red clover, sainfoin, bird's-foot trefoil"
pic_s28_2017_ne_q05.png,s28_2017_ne,q05,0,"crimson clover, sweet clover, white clover, lucerne, black medick, common vetch, black knapweed, yarrow, oxeye daisy, musk mallow, wild carrot, red campion, white campion, phacelia"
pic_s28_2017_ne_q05.png,s28_2017_ne,q05,1,"alsike clover, red clover, sainfoin, bird's-foot trefoil"
pic_s28_2017_ne_q06.png,s28_2017_ne,q06,0,"crimson clover, sweet clover, white clover, lucerne, black medick, black knapweed, yarrow, oxeye daisy, musk mallow, wild carrot, red campion, white campion, phacelia"
pic_s28_2017_ne_q06.png,s28_2017_ne,q06,1,"alsike clover, red clover, sainfoin, bird's-foot trefoil, common vetch"
pic_s28_2017_ne_q07.png,s28_2017_ne,q07,0,"crimson clover, red clover, sweet clover, white clover, sainfoin, lucerne, black medick, common vetch, black knapweed, yarrow, oxeye daisy, wild carrot, red campion, white campion, phacelia"
pic_s28_2017_ne_q07.png,s28_2017_ne,q07,1,"alsike clover, bird's-foot trefoil, musk mallow"
pic_s28_2017_ne_q08.png,s28_2017_ne,q08,0,"crimson clover, sweet clover, white clover, lucerne, black medick, common vetch, black knapweed, yarrow, oxeye daisy, musk mallow, wild carrot, red campion, white campion, phacelia"
pic_s28_2017_ne_q08.png,s28_2017_ne,q08,1,"alsike clover, red clover, sainfoin, bird's-foot trefoil"
pic_s28_2017_ne_q09.png,s28_2017_ne,q09,0,"crimson clover, sweet clover, white clover, sainfoin, lucerne, black medick, common vetch, black knapweed, yarrow, oxeye daisy, musk mallow, wild carrot, red campion, white campion, phacelia"
pic_s28_2017_ne_q09.png,s28_2017_ne,q09,1,"alsike clover, red clover, bird's-foot trefoil"
pic_s28_2017_ne_q10.png,s28_2017_ne,q10,0,"crimson clover, sweet clover, white clover, lucerne, black medick, common vetch, black knapweed, yarrow, oxeye daisy, musk mallow, wild carrot, red campion, white campion, phacelia"
pic_s28_2017_ne_q10.png,s28_2017_ne,q10,1,"alsike clover, red clover, sainfoin, bird's-foot trefoil"
pic_s29_2018_ne_q01.png,s29_2018_ne,q01,0,"crimson clover, sweet clover, white clover, sainfoin, black medick, common vetch, black knapweed, yarrow, oxeye daisy, musk mallow, wild carrot, fenugreek, red campion, white campion, phacelia, borage"
pic_s29_2018_ne_q01.png,s29_2018_ne,q01,1,"alsike clover, red clover, bird's-foot trefoil, lucerne"
pic_s29_2018_ne_q02.png,s29_2018_ne,q02,0,"crimson clover, sweet clover, white clover, sainfoin, common vetch, black knapweed, yarrow, oxeye daisy, musk mallow, wild carrot, fenugreek, red campion, white campion, phacelia, borage"
pic_s29_2018_ne_q02.png,s29_2018_ne,q02,1,"alsike clover, red clover, bird's-foot trefoil, lucerne, black medick"
pic_s29_2018_ne_q03.png,s29_2018_ne,q03,0,"crimson clover, sweet clover, white clover, sainfoin, common vetch, black knapweed, yarrow, oxeye daisy, musk mallow, wild carrot, fenugreek, white campion, phacelia, borage"
pic_s29_2018_ne_q03.png,s29_2018_ne,q03,1,"alsike clover, red clover, bird's-foot trefoil, lucerne, black medick, red campion"
pic_s29_2018_ne_q04.png,s29_2018_ne,q04,0,"alsike clover, crimson clover, sweet clover, white clover, sainfoin, black medick, common vetch, black knapweed, yarrow, oxeye daisy, musk mallow, wild carrot, fenugreek, red campion, white campion, phacelia, borage"
pic_s29_2018_ne_q04.png,s29_2018_ne,q04,1,"red clover, bird's-foot trefoil, lucerne"
pic_s29_2018_ne_q05.png,s29_2018_ne,q05,0,"crimson clover, sweet clover, white clover, bird's-foot trefoil, sainfoin, common vetch, black knapweed, yarrow, oxeye daisy, musk mallow, wild carrot, fenugreek, red campion, white campion, phacelia, borage"
pic_s29_2018_ne_q05.png,s29_2018_ne,q05,1,"alsike clover, red clover, lucerne, black medick"
pic_s29_2018_ne_q06.png,s29_2018_ne,q06,0,"crimson clover, sweet clover, white clover, black medick, common vetch, black knapweed, yarrow, oxeye daisy, musk mallow, wild carrot, fenugreek, red campion, white campion, phacelia, borage"
pic_s29_2018_ne_q06.png,s29_2018_ne,q06,1,"alsike clover, red clover, bird's-foot trefoil, sainfoin, lucerne"
pic_s29_2018_ne_q07.png,s29_2018_ne,q07,0,"crimson clover, sweet clover, white clover, bird's-foot trefoil, sainfoin, common vetch, black knapweed, yarrow, oxeye daisy, musk mallow, wild carrot, fenugreek, red campion, white campion, phacelia, borage"
pic_s29_2018_ne_q07.png,s29_2018_ne,q07,1,"alsike clover, red clover, lucerne, black medick"
pic_s29_2018_ne_q08.png,s29_2018_ne,q08,0,"crimson clover, sweet clover, white clover, black medick, common vetch, black knapweed, yarrow, oxeye daisy, musk mallow, wild carrot, fenugreek, red campion, phacelia, borage"
pic_s29_2018_ne_q08.png,s29_2018_ne,q08,1,"alsike clover, red clover, bird's-foot trefoil, sainfoin, lucerne, white campion"
pic_s29_2018_ne_q09.png,s29_2018_ne,q09,0,"crimson clover, sweet clover, white clover, sainfoin, black medick, black knapweed, yarrow, oxeye daisy, musk mallow, wild carrot, fenugreek, red campion, white campion, phacelia, borage"
pic_s29_2018_ne_q09.png,s29_2018_ne,q09,1,"alsike clover, red clover, bird's-foot trefoil, lucerne, common vetch"
pic_s29_2018_ne_q10.png,s29_2018_ne,q10,0,"crimson clover, sweet clover, white clover, sainfoin, common vetch, black knapweed, yarrow, oxeye daisy, musk mallow, wild carrot, fenugreek, red campion, phacelia, borage"
pic_s29_2018_ne_q10.png,s29_2018_ne,q10,1,"alsike clover, red clover, bird's-foot trefoil, lucerne, black medick, white campion"
pic_s30_2018_ne_q01.png,s30_2018_ne,q01,0,"alsike clover, crimson clover, sweet clover, white clover, sainfoin, lucerne, black medick, common vetch, yarrow, oxeye daisy, musk mallow, wild carrot, fenugreek, red campion, white campion, phacelia, borage"
pic_s30_2018_ne_q01.png,s30_2018_ne,q01,1,"red clover, bird's-foot trefoil, black knapweed"
pic_s30_2018_ne_q02.png,s30_2018_ne,q02,0,"alsike clover, crimson clover, sweet clover, white clover, lucerne, black medick, common vetch, black knapweed, yarrow, oxeye daisy, wild carrot, fenugreek, red campion, white campion, phacelia, borage"
pic_s30_2018_ne_q02.png,s30_2018_ne,q02,1,"red clover, bird's-foot trefoil, sainfoin, musk mallow"
pic_s30_2018_ne_q03.png,s30_2018_ne,q03,0,"alsike clover, crimson clover, sweet clover, white clover, lucerne, black medick, common vetch, yarrow, oxeye daisy, musk mallow, wild carrot, fenugreek, red campion, white campion, phacelia, borage"
pic_s30_2018_ne_q03.png,s30_2018_ne,q03,1,"red clover, bird's-foot trefoil, sainfoin, black knapweed"
pic_s30_2018_ne_q04.png,s30_2018_ne,q04,0,"alsike clover, crimson clover, sweet clover, white clover, lucerne, black medick, common vetch, yarrow, oxeye daisy, musk mallow, wild carrot, fenugreek, red campion, white campion, phacelia, borage"
pic_s30_2018_ne_q04.png,s30_2018_ne,q04,1,"red clover, bird's-foot trefoil, sainfoin, black knapweed"
pic_s30_2018_ne_q05.png,s30_2018_ne,q05,0,"alsike clover, crimson clover, sweet clover, white clover, lucerne, black medick, common vetch, yarrow, oxeye daisy, musk mallow, wild carrot, fenugreek, red campion, white campion, phacelia, borage"
pic_s30_2018_ne_q05.png,s30_2018_ne,q05,1,"red clover, bird's-foot trefoil, sainfoin, black knapweed"
pic_s30_2018_ne_q06.png,s30_2018_ne,q06,0,"crimson clover, sweet clover, white clover, lucerne, black medick, common vetch, black knapweed, yarrow, oxeye daisy, musk mallow, wild carrot, fenugreek, red campion, white campion, phacelia, borage"
pic_s30_2018_ne_q06.png,s30_2018_ne,q06,1,"alsike clover, red clover, bird's-foot trefoil, sainfoin"
pic_s30_2018_ne_q07.png,s30_2018_ne,q07,0,"alsike clover, crimson clover, sweet clover, white clover, sainfoin, lucerne, black medick, common vetch, black knapweed, yarrow, oxeye daisy, musk mallow, wild carrot, fenugreek, red campion, white campion, phacelia, borage"
pic_s30_2018_ne_q07.png,s30_2018_ne,q07,1,"red clover, bird's-foot trefoil"
pic_s30_2018_ne_q08.png,s30_2018_ne,q08,0,"alsike clover, crimson clover, sweet clover, white clover, lucerne, black medick, common vetch, black knapweed, yarrow, oxeye daisy, musk mallow, wild carrot, fenugreek, red campion, white campion, phacelia, borage"
pic_s30_2018_ne_q08.png,s30_2018_ne,q08,1,"red clover, bird's-foot trefoil, sainfoin"
pic_s30_2018_ne_q09.png,s30_2018_ne,q09,0,"crimson clover, sweet clover, white clover, sainfoin, lucerne, black medick, common vetch, black knapweed, yarrow, oxeye daisy, musk mallow, wild carrot, fenugreek, red campion, white campion, phacelia, borage"
pic_s30_2018_ne_q09.png,s30_2018_ne,q09,1,"alsike clover, red clover, bird's-foot trefoil"
pic_s30_2018_ne_q10.png,s30_2018_ne,q10,0,"alsike clover, crimson clover, sweet clover, white clover, sainfoin, lucerne, black medick, common vetch, oxeye daisy, musk mallow, wild carrot, fenugreek, red campion, white campion, phacelia, borage"
pic_s30_2018_ne_q10.png,s30_2018_ne,q10,1,"red clover, bird's-foot trefoil, black knapweed, yarrow"
